{
  "name": "Lebedev(031)",
  "domain": "U3",
  "degree": 31,
  "test_tolerance": 3.319606091952356e-15,
  "comments": ["precision improved with quadpy-optimize"],
  "data": {
    "a1": [[3.006796749453936e-3]],
    "a3": [[3.05062774565076e-3]],
    "pq0": [
      [3.007949555218536e-3, 2.881964603055306e-3],
      [6.191727944646849e-2, 1.240930463255775e-1]
    ],
    "llm": [
      [
        1.621104600288989e-3, 3.005701484901751e-3, 2.990992529653774e-3,
        2.9821706441076e-3, 2.721564237310999e-3, 3.03351379581114e-3
      ],
      [
        4.922377847263371e-1, 2.371836111970294e-1, 8.788169148411765e-2,
        4.363925918740951e-1, 1.704622980156029e-1, 3.710217638645251e-1
      ]
    ],
    "rsw": [
      [2.958357626535696e-3, 3.036020026407086e-3, 2.832187403926303e-3],
      [1.580611367940407e-1, 5.526289716428369e-2, 1.437471695874424e-1],
      [2.082808066943686e-1, 1.894331933396794e-1, 1.380140915227121e-1]
    ]
  }
}
