{
  "name": "Lebedev(017)",
  "domain": "U3",
  "degree": 17,
  "test_tolerance": 5.135071786042439e-15,
  "comments": ["precision improved with quadpy-optimize"],
  "data": {
    "a1": [[3.828270494937165e-3]],
    "a3": [[9.793737512487516e-3]],
    "pq0": [[9.694996361663016e-3], [1.587718599599673e-1]],
    "llm": [
      [8.21173728319111e-3, 9.94281489117811e-3, 9.595471336070959e-3],
      [8.431378642264122e-2, 4.307128024241376e-1, 1.890411561417223e-1]
    ]
  }
}
