{
  "name": "Lebedev(019)",
  "domain": "U3",
  "degree": 19,
  "test_tolerance": 4.725e-15,
  "comments": ["precision improved with quadpy-optimize"],
  "data": {
    "a1": [[5.996313688621423e-4]],
    "a2": [[7.372999718620753e-3]],
    "a3": [[7.21051536014448e-3]],
    "llm": [
      [7.116355493117556e-3, 6.753829486314482e-3, 7.574394159054035e-3],
      [4.059125877037633e-1, 2.010413026271249e-1, 7.148472221258875e-2]
    ],
    "rsw": [
      [6.991087353303258e-3],
      [9.637179505136553e-2],
      [1.560143459914701e-1]
    ]
  }
}
