{
  "name": "Lebedev(041)",
  "domain": "U3",
  "degree": 41,
  "test_tolerance": 4.36801032758326e-15,
  "comments": ["precision improved with quadpy-optimize"],
  "data": {
    "a1": [[3.095121295305836e-4]],
    "a3": [[1.852379698597478e-3]],
    "pq0": [
      [1.857161196774076e-3, 1.705153996395864e-3, 1.300321685886048e-3],
      [2.095077328439292e-1, 1.297668400660099e-1, 5.517743482053686e-2]
    ],
    "llm": [
      [
        1.871790639277746e-3, 1.85881258543832e-3, 1.852028828296213e-3,
        1.846715956151241e-3, 1.818471778162771e-3, 1.749564657281158e-3,
        1.617210647254415e-3, 1.384737234851695e-3, 9.764331165051027e-4
      ],
      [
        4.706131545204132e-1, 4.128585706917278e-1, 3.573229684376594e-1,
        2.528405584420118e-1, 2.033229747758977e-1, 1.554666203257969e-1,
        1.09497676338565e-1, 6.615493890521376e-2, 2.747138341414011e-2
      ]
    ],
    "rsw": [
      [
        1.842866472905286e-3, 1.802658934377453e-3, 1.849830560443662e-3,
        1.713904507106709e-3, 1.555213603396811e-3, 1.802239128008522e-3
      ],
      [
        1.782913553398007e-1, 1.614172350949324e-1, 9.38170165851402e-2,
        1.356325143675007e-1, 9.147934984857106e-2, 5.63137356299042e-2
      ],
      [
        2.303850210691616e-1, 1.825270299224028e-1, 2.150558240678685e-1,
        1.366839727348951e-1, 9.357248336623084e-2, 1.708498650344756e-1
      ]
    ]
  }
}
