{
  "name": "Lebedev(035)",
  "domain": "U3",
  "degree": 35,
  "test_tolerance": 5.421e-15,
  "comments": ["precision improved with quadpy-optimize"],
  "data": {
    "a1": [[5.265897968228898e-4]],
    "a2": [[2.548219972002607e-3]],
    "a3": [[2.512317418927299e-3]],
    "pq0": [
      [2.417442375638987e-3, 1.910951282179527e-3],
      [1.563228953888757e-1, 6.743512918521113e-2]
    ],
    "llm": [
      [
        2.530403801186355e-3, 2.014279020918488e-3, 2.501725168402938e-3,
        2.513267174597568e-3, 2.302694782227404e-3, 1.46249562159454e-3,
        2.445373437312978e-3
      ],
      [
        4.317916211421352e-1, 8.075932475954789e-2, 2.445925526145315e-1,
        3.663265069319693e-1, 1.326057309579972e-1, 3.41337299597072e-2,
        1.874342228194836e-1
      ]
    ],
    "rsw": [
      [
        2.416930044324782e-3, 2.512236854563495e-3, 2.496644054553092e-3,
        2.236607760437855e-3
      ],
      [
        1.362863107481372e-1, 5.695446177756676e-2, 1.623274676288571e-1,
        9.180065418907327e-2
      ],
      [
        1.647978238635747e-1, 2.048710360686823e-1, 2.193835459268291e-1,
        1.134255321813034e-1
      ]
    ]
  }
}
