{
  "name": "Lebedev(027)",
  "domain": "U3",
  "degree": 27,
  "test_tolerance": 3.7004114878817675e-15,
  "comments": ["precision improved with quadpy-optimize"],
  "data": {
    "a1": [[-1.313769127326983e-3]],
    "a2": [[-2.522728704859417e-3]],
    "a3": [[4.186853881700566e-3]],
    "pq0": [[4.229582700647239e-3], [1.762081911747833e-1]],
    "llm": [
      [
        5.315167977810922e-3, 4.047142377086223e-3, 4.112482394406988e-3,
        3.595584899758778e-3, 4.25613135142816e-3
      ],
      [
        4.698507590609774e-1, 4.573691253800456e-2, 2.282797998614352e-1,
        1.534056193468028e-1, 3.857345813114577e-1
      ]
    ],
    "rsw": [
      [4.080914225780509e-3, 4.071467593830959e-3],
      [1.090391264984581e-1, 1.32298236105979e-1],
      [1.115427837683389e-1, 1.943382312726988e-1]
    ]
  }
}
