{
  "name": "Lebedev(025)",
  "domain": "U3",
  "degree": 25,
  "test_tolerance": 6.707e-15,
  "comments": ["precision improved with quadpy-optimize"],
  "data": {
    "a1": [[-5.522639919727151e-2]],
    "a3": [[4.450274607445213e-3]],
    "pq0": [
      [4.231083095357338e-3, 5.198069864064393e-3],
      [1.978800670300886e-1, 1.153787776721498e-1]
    ],
    "llm": [
      [
        4.496841067921402e-3, 5.04915345047875e-3, 3.976408018051886e-3,
        4.401400650381014e-3, 1.724544350544358e-2
      ],
      [
        2.191116154710022e-1, 1.160099697625648e-1, 4.493979784611453e-1,
        3.815865619710557e-1, 1.818973371786956e-2
      ]
    ],
    "rsw": [
      [4.695720972568876e-3],
      [1.39090532881485e-1],
      [1.804103147536413e-1]
    ]
  }
}
