{
  "name": "Lebedev(015)",
  "domain": "U3",
  "degree": 15,
  "test_tolerance": 5.145e-15,
  "comments": ["precision improved with quadpy-optimize"],
  "data": {
    "a1": [[1.154401154401154e-2]],
    "a3": [[1.194390908585627e-2]],
    "pq0": [[1.181230374690448e-2], [1.22097420896829e-1]],
    "llm": [
      [1.111055571060341e-2, 1.187650129453714e-2],
      [1.75074219393757e-1, 4.394547818483105e-1]
    ]
  }
}
