{
  "name": "Lebedev(021)",
  "domain": "U3",
  "degree": 21,
  "test_tolerance": 3.357073429333308e-15,
  "comments": ["precision improved with quadpy-optimize"],
  "data": {
    "a1": [[5.544842902037351e-3]],
    "a2": [[6.07133277067074e-3]],
    "a3": [[6.383674773515079e-3]],
    "pq0": [[5.477143385137349e-3], [8.418189984183713e-2]],
    "llm": [
      [5.18338758774779e-3, 6.317929009813731e-3, 6.201670006589078e-3],
      [1.174968529773118e-1, 4.027484749288706e-1, 2.091465148367879e-1]
    ],
    "rsw": [
      [5.96838398768115e-3],
      [8.980998574526211e-2],
      [1.739152488294495e-1]
    ]
  }
}
