{
  "name": "Lebedev(013)",
  "domain": "U3",
  "degree": 13,
  "test_tolerance": 4.998e-15,
  "comments": ["precision improved with quadpy-optimize"],
  "data": {
    "a1": [[5.130671797338573e-4]],
    "a2": [[1.660406956574207e-2]],
    "a3": [[-2.958603896103878e-2]],
    "pq0": [[1.652217099371571e-2], [1.039425436019301e-1]],
    "llm": [[2.657620708215941e-2], [2.377452061506383e-1]]
  }
}
