{
  "name": "Lebedev(023)",
  "domain": "U3",
  "degree": 23,
  "test_tolerance": 4.893915486268362e-15,
  "comments": ["precision improved with quadpy-optimize"],
  "data": {
    "a1": [[1.782340447244553e-3]],
    "a2": [[5.7169059499771e-3]],
    "a3": [[5.573383178848731e-3]],
    "pq0": [[5.051846064614807e-3], [1.123823329341791e-1]],
    "llm": [
      [
        5.608704082588003e-3, 5.158237711805389e-3, 5.518771467273624e-3,
        4.106777028169397e-3
      ],
      [
        3.982647562227038e-1, 1.341420769255836e-1, 2.164909639525588e-1,
        5.88249100009834e-2
      ]
    ],
    "rsw": [
      [5.530248916233095e-3],
      [9.361050601652832e-2],
      [1.848673899291661e-1]
    ]
  }
}
