{
  "name": "Lebedev(011)",
  "domain": "U3",
  "degree": 11,
  "test_tolerance": 1.4965135774268285e-14,
  "comments": ["precision improved with quadpy-optimize"],
  "data": {
    "a1": [[1.269841269841246e-2]],
    "a2": [[2.257495590828945e-2]],
    "a3": [[2.109375000000007e-2]],
    "llm": [[2.017333553791894e-2], [1.402188990037718e-1]]
  }
}
