{
  "name": "Lebedev(047)",
  "domain": "U3",
  "degree": 47,
  "test_tolerance": 4.373465414313245e-15,
  "comments": ["precision improved with quadpy-optimize"],
  "data": {
    "a1": [[2.192942088182175e-4]],
    "a2": [[1.436433617319091e-3]],
    "a3": [[1.421940344335874e-3]],
    "pq0": [
      [9.254401499865399e-4, 1.250239995053508e-3, 1.394365843329228e-3],
      [4.621738571378741e-2, 1.100975833825021e-1, 1.791538510007847e-1]
    ],
    "llm": [
      [
        6.798123511050234e-4, 9.913184235294894e-4, 1.180207833238949e-3,
        1.296599602080922e-3, 1.365871427428312e-3, 1.402988604775323e-3,
        1.418645563595606e-3, 1.421376741851662e-3, 1.423996475490966e-3,
        1.431554042178568e-3
      ],
      [
        2.292026702769342e-2, 5.55702172024949e-2, 9.254023339464029e-2,
        1.319393297241756e-1, 1.730026707517375e-1, 2.154115731074323e-1,
        2.590829375936784e-1, 3.505993811839581e-1, 3.988264338132601e-1,
        4.488003348564934e-1
      ]
    ],
    "rsw": [
      [
        1.12708909467175e-3, 1.345753760910667e-3, 1.424957283316787e-3,
        1.261523341237749e-3, 1.392547106052695e-3, 1.418761677877655e-3,
        1.338366684479552e-3, 1.39370086267613e-3, 1.41591475746693e-3
      ],
      [
        9.126444167498717e-2, 1.608217314832364e-1, 4.08824237566492e-2,
        1.352197040723114e-1, 9.300622918241049e-2, 1.19230464563211e-1,
        5.591508238246502e-2, 1.775706977927038e-1, 1.893661429124828e-1
      ],
      [
        7.896604124950307e-2, 1.553094137600919e-1, 2.15550404070437e-1,
        1.15923272601319e-1, 1.836874558196702e-1, 2.238040826792707e-1,
        1.455361124992715e-1, 1.964019716288602e-1, 2.389135816551385e-1
      ]
    ]
  }
}
