{
  "name": "Lebedev(029)",
  "domain": "U3",
  "degree": 29,
  "test_tolerance": 4.386e-15,
  "comments": ["precision improved with quadpy-optimize"],
  "data": {
    "a1": [[8.545911725125194e-4]],
    "a3": [[3.599119285025563e-3]],
    "pq0": [
      [2.982344963171799e-3, 3.600820932216471e-3],
      [8.517895589394739e-2, 1.937917611754077e-1]
    ],
    "llm": [
      [
        3.449788424305891e-3, 3.604822601419879e-3, 3.57672966174337e-3,
        2.352101413689175e-3, 3.108953122413699e-3, 3.650045807677262e-3
      ],
      [
        1.656335697510352e-1, 3.79003267312355e-1, 2.331871506325207e-1,
        4.343224261369796e-2, 1.016374264737829e-1, 4.587466647164051e-1
      ]
    ],
    "rsw": [
      [3.571540554273389e-3, 3.392312205006175e-3],
      [1.374113409842759e-1, 9.243609737808951e-2],
      [2.047941668195036e-1, 1.417721795944134e-1]
    ]
  }
}
